                  epoch,             train/loss,  metrics/accuracy_top1,  metrics/accuracy_top5,               val/loss,                 lr/pg0,                 lr/pg1,                 lr/pg2
                      1,                0.14617,                0.88411,                      1,                0.20753,             0.00023483,             0.00023483,             0.00023483
                      2,                0.03316,                0.99338,                      1,                 0.1638,             0.00037921,             0.00037921,             0.00037921
                      3,                0.00891,                0.99007,                      1,                0.15669,             0.00042934,             0.00042934,             0.00042934
                      4,                 0.0043,                0.99669,                      1,                0.15251,             0.00028988,             0.00028988,             0.00028988
                      5,                0.00673,                0.99007,                      1,                0.15466,             0.00028988,             0.00028988,             0.00028988
